Card Network,Card Holder,Card Number,Expire,CVC/CVV/CID
Discover,Laura Fischer,6011351344996989,11/2025,700
VISA,Gregory Sloan,4354940429589344119,03/2025,701
VISA,Justin Johnson,4169421735660026,11/2025,019
Mastercard,Deborah Moore,2266706469543604,01/2025,052
JCB,Monica Smith,180048148043913,07/2025,647
VISA,Brittney Stanley,4022836988761956990,03/2025,333
VISA,Richard Dawson,4683667392521784995,11/2025,904
Discover,Michelle Frank,6011979043046274,07/2025,637
Mastercard,Holly Landry,2224385259684695,10/2025,827
Diners Club / Carte Blanche,Joseph Jackson,30428747368014,07/2025,691
VISA,Lori White,4508257847689390,03/2025,802
Diners Club / Carte Blanche,Chloe Lawson,38646507252118,10/2025,063
VISA,Jon Russell,4199497975018947,11/2025,922
JCB,Curtis Torres,213102730834048,06/2025,020
VISA,Kenneth King,4411970486060089,04/2025,087
JCB,Martin Donovan,3501860054236612,03/2025,764
JCB,Monica Franklin,3596173809017147,07/2025,417
JCB,Julia Schmidt,213193032978286,10/2025,483
JCB,Erika Diaz,3575074202113076,03/2025,518
Diners Club / Carte Blanche,Kelly Johnson,30132044149560,09/2025,722
VISA,Isaac Howard,4107164413539071,09/2025,043
VISA,Dennis Mcpherson,4443954874427326,02/2025,453
VISA,Victor Williams,4020947871939,11/2025,251
JCB,Nicholas Juarez,213113123025870,05/2025,666
JCB,Joyce Smith,3514504308271083,06/2025,086
VISA,Jennifer Goodman,4724460416855043412,08/2025,658
JCB,Karla Nguyen,3584593102741560,11/2025,658
VISA,Amanda Nelson,4728347360917571152,12/2025,080
American Express,Richard Walsh,342174385568209,04/2025,0000
JCB,David George,3575319633704773,05/2025,157
Discover,Ryan Gilbert,6508890197669318,03/2025,677
Diners Club / Carte Blanche,Keith Adams,30110059232430,11/2025,779
VISA,Louis Jones,4356540980479791,05/2025,916
VISA,Robert Price,4080551494916990910,09/2025,004
VISA,Dustin Ford,4890050937130433,05/2025,137
American Express,Tiffany Simpson,372226455353160,06/2025,4052
Discover,Sonya Rivera,6515391565753132,11/2025,846
JCB,Amanda Edwards,3562888901832149,09/2025,996
VISA,Jeffrey Kaufman,4701888330665771,04/2025,048
VISA,Scott Mendez,4346276662510,01/2025,474
Maestro,Travis Brown,571760672600,08/2025,272
Discover,Taylor Jackson,6011408698288841,08/2025,002
Discover,Terri Cooper,6011318309771202,09/2025,455
JCB,Ann Nguyen,213105331310615,10/2025,579
Maestro,Brian Johnston,675947065941,05/2025,689
VISA,Nancy Rivers,4479561533219,11/2025,447
VISA,Danielle Moore,4493833555382694510,12/2025,801
VISA,Jennifer Schneider,4549277157515580,05/2025,986
JCB,Jennifer Fowler,180039687136796,08/2025,672
Maestro,Bethany Murphy,503892927552,09/2025,973
Discover,Scott Pena,6011661107609367,04/2025,625
JCB,Jonathan Esparza,213100839858132,07/2025,138
American Express,Gwendolyn Montoya,374151603653790,03/2025,6955
JCB,Micheal Gentry,213174540204027,09/2025,406
VISA,Aaron Smith,4497589706856709,05/2025,225
JCB,Christopher Ware,3531928601910668,12/2025,419
VISA,Juan Wilson,4331153365647212,09/2025,074
American Express,Rebecca Morrison,376538160265273,05/2025,6479
JCB,Nathan Stout,3525472821105039,08/2025,644
VISA,Brandon Lynch,4754174377236511,04/2025,458
Diners Club / Carte Blanche,Lisa Davis,30255430494207,07/2025,803
JCB,Tristan Harris,3513532725031245,07/2025,348
JCB,Whitney Vincent,3524030280956994,10/2025,502
Maestro,Stacey Walker,502093598600,04/2025,761
American Express,Vickie Baker,342347606637793,08/2025,1721
VISA,Victoria Gordon,4240538229609475,09/2025,930
Maestro,Julie Osborne,589511143788,02/2025,873
VISA,Raymond Scott,4031382896156658296,09/2025,545
Diners Club / Carte Blanche,Kristin Rhodes,30338972162109,02/2025,681
Mastercard,Rebecca Watson,2481204173645104,09/2025,678
VISA,Sharon Costa,4470900812394438816,09/2025,378
VISA,Kevin Steele,4685086995309,07/2025,344
American Express,Jennifer Ramirez,347736305881337,08/2025,3623
VISA,Bryan Cortez,4696802404633,09/2025,735
American Express,Kyle Mcmahon,348338041204202,10/2025,8937
Maestro,Belinda Myers,639063288505,09/2025,854
JCB,Ricky Jordan,3520441246058664,04/2025,951
Diners Club / Carte Blanche,Rachel Miller,30417133463190,10/2025,442
VISA,Charles Moreno,4268738401798750,06/2025,654
Discover,Jesse Ortiz,6535534237295703,11/2025,822
VISA,Leslie Wood,4822619371910,02/2025,962
VISA,Michelle Phillips,4750226972210,08/2025,781
Mastercard,Deborah Smith,2720113383717531,05/2025,152
VISA,Jeanette Davis,4674349947625511,08/2025,851
Discover,Karen Nguyen,6555281456661943,02/2025,131
JCB,Katie Henry,3558964762904594,03/2025,651
Diners Club / Carte Blanche,Alicia Smith,30243328216742,06/2025,689
JCB,Cody Jackson,3535568127528200,12/2025,410
Diners Club / Carte Blanche,Christopher Williams,30367204940511,11/2025,840
VISA,Amy Jenkins,4905516357147514,07/2025,939
JCB,Samantha Buchanan,3511898745772478,07/2025,241
American Express,Scott Cuevas,341604780704018,03/2025,3699
JCB,Gregory Vaughan,213183556233044,04/2025,396
JCB,Brian Combs,3512992040691951,05/2025,952
JCB,Michael Chase,3560870922986718,07/2025,772
Mastercard,Krista Newman,2719593345864617,05/2025,608
Discover,Joseph Gould,6561178880771508,09/2025,885
JCB,Teresa Miller,3545756599461236,11/2025,883
JCB,Herbert Andrews,3554964613624635,07/2025,468
Maestro,Douglas Guerra,676247400374,07/2025,560
Diners Club / Carte Blanche,Angel Jones,30274302295329,04/2025,390
VISA,Angela Roberts,4312914273086,05/2025,483
VISA,Victor Mitchell,4854919763900404,11/2025,146
American Express,April Miller,375095379480723,02/2025,8988
Diners Club / Carte Blanche,Christopher Atkinson,36463563360211,11/2025,945
Diners Club / Carte Blanche,Laura Clark,30046777121994,07/2025,787
VISA,Taylor Bradley,4353932105314,05/2025,991
JCB,Frances Ramos,180089076788715,03/2025,434
VISA,Julie Rice,4008949259046292657,09/2025,254
VISA,Kayla Walsh,4999789765257608,09/2025,282
JCB,Adam Shaw,3556861522280483,07/2025,123
JCB,James Smith,180025798109459,12/2025,481
VISA,Deborah Taylor,4339670467990,08/2025,712
Diners Club / Carte Blanche,Catherine Hernandez,38526930638382,09/2025,695
Diners Club / Carte Blanche,Anna Watson,30376252423411,01/2025,178
VISA,Carolyn Baker,4339522008090117,12/2025,056
Mastercard,Matthew Hensley,2293170688606956,04/2025,861
American Express,Kenneth Osborne,372668710712278,09/2025,0547
Mastercard,Samuel Fitzgerald,2226889694692237,12/2025,841
Mastercard,Stephanie Walker,2235037547101126,08/2025,691
Discover,Suzanne Lopez,6011349807815944,07/2025,352
Diners Club / Carte Blanche,Patrick Parker,38175267706394,09/2025,540
JCB,Dennis Walker,3530338827772507,10/2025,503
American Express,Sophia Lamb,375621476824933,08/2025,6553
American Express,Jennifer Hendricks,371175311657440,10/2025,4589
JCB,Nicole Johnson,3517392281458563,03/2025,787
VISA,Kelly Harris,4358505449990579,02/2025,985
JCB,Ashley Potts,3559617487225898,12/2025,080
Discover,Gregory Hughes,6544162985825247,03/2025,252
Mastercard,Brian Brown,2279626495638423,08/2025,690
VISA,Jonathan Cannon,4993004033735716,04/2025,311
Diners Club / Carte Blanche,Rachel Williams,30194287200492,10/2025,255
VISA,Sarah Jackson,4048079927577338,12/2025,697
Diners Club / Carte Blanche,Christopher Mann,30483041793086,09/2025,592
VISA,Brandy Hill,4434922170144,10/2025,431
Maestro,Sandra King,578567773663,01/2025,319
Discover,Victoria Mckenzie,6594438289475205,05/2025,572
American Express,Jesse Ross,370985091931000,02/2025,8998
VISA,Kristin Young,4184621578097067310,01/2025,988
VISA,Marcus Blake,4542809785876331477,06/2025,219
Diners Club / Carte Blanche,David Lewis,30290482334407,12/2025,865
VISA,Stacey Jenkins,4847174981840146493,11/2025,562
VISA,Beverly Freeman,4571954405984069933,01/2025,064
VISA,David Byrd,4492857042270330,05/2025,117
JCB,Rebecca Chung,3566802823219281,01/2025,383
VISA,Anna Aguirre,4726557548513278,02/2025,529
VISA,David Jones,4157758231707361,10/2025,940
Diners Club / Carte Blanche,Jose Singh,30390899969744,06/2025,064
VISA,Jose Garcia,4014076790893800,05/2025,241
VISA,Benjamin Moody,4261699082816088,08/2025,203
Maestro,Derek Smith,675955978886,03/2025,736
JCB,Shawna Hull,3525716521198201,12/2025,818
VISA,James Park,4558207850421719,09/2025,662
American Express,Steve Hernandez,347207627644621,10/2025,3768
VISA,Michelle Martinez,4457564478494544582,03/2025,345
JCB,Kelly Gomez,3557616338510674,12/2025,708
VISA,Linda Torres,4710655263460291,03/2025,056
Discover,Tyler Kirby,6011157951311283,12/2025,618
American Express,Derek Richardson,372780206381102,04/2025,2377
Discover,Thomas Nguyen,6011033325422140,01/2025,810
VISA,Gloria Arnold,4423369557026047344,08/2025,152
JCB,Jimmy Cooper,3541367502778569,12/2025,206
JCB,Patricia Chambers,3515336549997039,08/2025,708
VISA,Ronald Hampton,4542772216154949,02/2025,442
JCB,Monica Aguilar,3592615579724082,07/2025,288
Mastercard,Ryan Hutchinson,2458107227725948,08/2025,079
JCB,Harry Mcdaniel,3598916066391789,05/2025,679
Mastercard,Brent Mckay,5487679395870126,04/2025,251
American Express,Anita Cline,370843100539555,05/2025,2651
JCB,Erin Davis,180069040967421,04/2025,941
JCB,Edward Weber,180086048111992,08/2025,558
JCB,Robin Perez,180088922258972,07/2025,759
Discover,Michael Garcia,6011212100969190,04/2025,591
VISA,Lisa Mccullough,4691310513454,04/2025,367
JCB,Brian Taylor,3556608827927635,10/2025,025
Maestro,Micheal Holmes,675914666671,04/2025,731
American Express,Jessica Perez,376728985732207,12/2025,9796
VISA,Lisa Smith,4679592483422208,10/2025,379
JCB,Shawn Vasquez,180032993584205,09/2025,413
Diners Club / Carte Blanche,Robert Moore,30107457243498,08/2025,967
Diners Club / Carte Blanche,Janet Johnson,30047599035131,03/2025,028
JCB,Lisa Melton,3543505971091935,06/2025,527
JCB,Rachel Tran,213165187689587,06/2025,225
American Express,Jill Edwards,345243491242707,09/2025,6272
JCB,John Brooks,3586741449866487,04/2025,127
VISA,Ruth Gibson,4687746295201953556,03/2025,243
JCB,Nicole Contreras,3500495812629906,10/2025,111
VISA,Darrell Larson,4616776679627516,05/2025,196
Maestro,Robert Guzman,630437276458,09/2025,233
Maestro,Arthur Phillips,675927094937,12/2025,134
Diners Club / Carte Blanche,Emily Berry,30008138479875,05/2025,246
Diners Club / Carte Blanche,James Hernandez,30578904739033,04/2025,965
JCB,Richard Beasley,3547152858857603,08/2025,414
VISA,Jessica Baird,4704186932050964,11/2025,795
VISA,Jamie Jordan,4952786959153,12/2025,214
American Express,Catherine Rodriguez,377014960481865,12/2025,9818
American Express,Angela French,376930277698050,06/2025,2666
Mastercard,Eric Gonzalez,5245874321633788,10/2025,848
Discover,Travis Stephens,6575728694798123,02/2025,742
Mastercard,Robert Cantu,2258195188923273,12/2025,591
Discover,Jodi Rivera,6011697862305296,05/2025,247
Mastercard,Michael Cook,5578030248622589,07/2025,809
JCB,Patricia Fry,3505811840387843,04/2025,023
Mastercard,Erin Hill,5233900483150149,10/2025,009
Diners Club / Carte Blanche,John Jones,30486044774433,03/2025,295
JCB,Craig Baldwin,3542939657522320,04/2025,585
VISA,Keith Gates,4532825211817888146,11/2025,679
JCB,Paul Pope,213100115243025,07/2025,639
VISA,Amy Cabrera,4673985699346979,09/2025,879
American Express,Lisa Stanley,341994187401841,07/2025,1414
JCB,Kimberly Wilson,3531305383123929,04/2025,907
American Express,Sharon Hopkins,378003984548923,01/2025,3260
Mastercard,Joseph Miranda,2720595865157915,02/2025,570
VISA,Elizabeth Gallagher,4246446988953122,02/2025,437
Discover,Jacob Guzman,6011076126265333,05/2025,124
VISA,Christopher Reed,4709906598638371,04/2025,479
JCB,Christopher Hawkins,213146903328908,12/2025,356
VISA,Rachel Anderson,4132968307311,03/2025,759
VISA,Heather Sandoval,4417092605403,09/2025,468
JCB,Kristen Wilson,213101111771373,04/2025,131
American Express,Robert Terry,345974172630568,08/2025,6224
JCB,Joseph Monroe,3505850524621267,09/2025,527
JCB,Scott Warner,180032140979373,03/2025,433
VISA,Jesus Collins,4043989359126,12/2025,827
Discover,Angel Everett,6585370886776084,08/2025,137
Diners Club / Carte Blanche,Megan Miller,36194320659435,01/2025,266
JCB,Deborah Ortiz,180015930434022,06/2025,758
Discover,Debra Miller,6573921486242994,10/2025,713
JCB,Micheal Johnson,3543056924342330,02/2025,836
American Express,Cynthia Dickerson,378799325836931,10/2025,1922
VISA,Megan Mcmahon,4091823004525264,03/2025,564
Maestro,Pamela Green,583906356881,11/2025,678
JCB,Joseph Lynch,3543515313749249,11/2025,833
JCB,Thomas Rogers,180095332682410,12/2025,798
JCB,Mark Valentine,3528568269207281,11/2025,599
VISA,Taylor Rivera,4111158266960487,01/2025,425
Diners Club / Carte Blanche,Melinda Sanchez,30408190317486,02/2025,137
VISA,Bradley Kelley,4488195273258,02/2025,226
American Express,Jason Taylor,374764725088263,02/2025,3809
VISA,Aaron Palmer,4376859640706401,07/2025,470
VISA,Allen Vance,4213846082332,11/2025,460
Mastercard,Brett Jones,2221278014486550,01/2025,919
VISA,Robert Rodriguez,4115630380126656665,02/2025,268
VISA,Heather Rodriguez,4205051152290050,08/2025,309
Discover,Bob Miller,6568028276767367,11/2025,623
VISA,Joshua Flores,4623365243141,06/2025,037
American Express,Lisa Aguilar,371219921871478,08/2025,2142
VISA,Terri Shepherd,4379292336756489,09/2025,130
JCB,Kyle Wilson,3507929766960985,12/2025,392
JCB,Shelley Nichols,3502879440175424,01/2025,915
Diners Club / Carte Blanche,Michael Garcia,30052814104860,05/2025,647
American Express,Jeff Vaughn,378255165838479,05/2025,8351
VISA,Karla Ochoa,4932097107774282948,01/2025,272
Mastercard,Joshua Frye,5247250810935505,10/2025,729
Discover,Jennifer Reid,6011701977060083,02/2025,081
Mastercard,Katherine Weaver,2243230257783635,03/2025,368
VISA,Gina Hunter,4184381246527091132,09/2025,230
VISA,Bradley Baird,4756553841999299143,09/2025,299
VISA,Bruce Nelson,4321557393824085262,01/2025,366
JCB,Bruce Williams,3512670092400055,11/2025,795
JCB,Amanda Copeland,3552721228023260,06/2025,173
JCB,Heather Brooks,180059457582052,01/2025,118
JCB,April Fuller,3562145346920827,12/2025,831
VISA,Gabriella Edwards,4925740622778,07/2025,156
Discover,Eduardo Ortiz,6535167709316655,03/2025,119
JCB,Scott Harrison,3532603766326450,06/2025,184
VISA,Lawrence Shepherd,4813704919689220,10/2025,724
JCB,Justin Fuller,180018296105277,06/2025,633
VISA,Andrew Gomez,4673775702020,01/2025,087
JCB,Patricia Alexander,3566321145942827,05/2025,939
American Express,Sarah Braun,379293174149470,01/2025,1018
VISA,Margaret Montes,4522114482473,07/2025,409
JCB,Michael Martin,3528591579678181,10/2025,557
JCB,Erika Dickerson,3586781729434564,07/2025,128
VISA,Melissa Bishop,4694783032428583928,03/2025,791
JCB,Erin Adkins,3522246089558540,01/2025,155
VISA,Brian Atkins,4957999478941,12/2025,863
VISA,Zachary Barnes,4936445612292951,12/2025,503
JCB,George Woodward,3529348121278039,08/2025,589
VISA,Richard Ortiz,4730972654105,05/2025,531
JCB,John Davis,3502992648369374,06/2025,584
VISA,Tammy Walker,4623580681513,03/2025,776
Diners Club / Carte Blanche,Lori Clark,30176636942635,01/2025,656
VISA,Linda Lee,4448476279764542405,02/2025,953
JCB,Michelle Robinson,3597319275953773,09/2025,390
VISA,Jeremy Williams,4996293476529010,07/2025,121
Mastercard,Vanessa Taylor,2268799769221961,11/2025,252
Discover,Tiffany Clark,6560655613204510,08/2025,736
Diners Club / Carte Blanche,Lisa Morris,30092375578763,03/2025,443
VISA,Andrew Ewing,4327146854727,11/2025,785
JCB,Christopher Garcia,180076632191062,03/2025,389
Discover,John Brown,6011780299379413,08/2025,359
JCB,Deanna Ortiz,3536610468900090,08/2025,840
Discover,Ronald Barber,6011053896216457,01/2025,141
VISA,Scott Perry,4559503090540923,12/2025,796
VISA,Elizabeth Andrews,4574126116459299,03/2025,588
VISA,Anthony King,4307033674805208,11/2025,056
VISA,Lisa Watkins,4960734951072523,05/2025,765
JCB,Jennifer Smith,3546008283611844,07/2025,347
JCB,Alexis Wade,3505547760828446,02/2025,695
JCB,Ryan Guzman,3543604678257590,07/2025,624
JCB,Melissa Mccormick,3567809794042260,08/2025,253
VISA,Monica Green,4559725426366,08/2025,544
VISA,Sean Weaver,4450166771563244192,07/2025,472
American Express,Rebecca Davis,372812992045094,08/2025,5250
VISA,James Serrano,4578377689741292,04/2025,337
VISA,Anthony Olsen,4997041030506761,11/2025,738
JCB,Caleb Young,213121632630148,01/2025,351
VISA,Randy Hammond,4221006542243,12/2025,030
VISA,Sheena Chavez,4740374479566487,09/2025,291
JCB,Christian Coleman,3574981448827668,07/2025,706
American Express,Victoria Aguilar,343144799370665,01/2025,0798
VISA,Tiffany Shaw,4273180135955484,04/2025,032
VISA,Lisa Blackwell,4870015948948,07/2025,313
Maestro,Ashley Silva,582139885021,12/2025,252
VISA,Claire Davis,4366749177375,03/2025,028
Diners Club / Carte Blanche,Cynthia Stanley,30257687046615,12/2025,080
JCB,Jeremy Henderson,3535253349226871,06/2025,603
Maestro,Thomas Hayes,676127678628,02/2025,437
VISA,Gary Oliver,4528564965464522,01/2025,188
Discover,Lawrence Mcdonald,6586019279037070,10/2025,919
JCB,Christopher Mcbride,3538209058572621,03/2025,974
Maestro,Meghan Cohen,639048873991,02/2025,516
American Express,Sabrina Wood,349735942287567,08/2025,4744
VISA,Erica Vaughn,4291928798983,05/2025,576
Diners Club / Carte Blanche,Michelle Benitez,30231310549410,08/2025,709
Discover,Kathryn Graham,6011216831213208,01/2025,330
VISA,Christina Whitaker,4045768382805852,07/2025,896
VISA,Brian Riley,4298729330751238,10/2025,990
American Express,Marcus Beard,372880434869595,10/2025,7923
Discover,Kristy Turner,6585214323314754,12/2025,666
Discover,Alexis Bishop,6508253654217248,02/2025,371
VISA,Alice Clark,4415461307803333,03/2025,350
JCB,Shannon Rogers,3591251968116390,06/2025,790
JCB,Kimberly Fernandez,3554058498697814,09/2025,376
Discover,Michelle Jackson,6555978616600774,08/2025,557
VISA,Beth Clark,4730765259336,06/2025,114
Diners Club / Carte Blanche,Dana Juarez,38574083180497,12/2025,457
VISA,Jessica Richards,4293293480452,03/2025,914
VISA,Beth Robinson,4857616758255,10/2025,256
VISA,Traci Quinn,4415972331405,06/2025,341
VISA,Rebecca Hood,4426983860345904,02/2025,915
VISA,Chelsea Juarez,4835232678910983905,04/2025,681
VISA,Kaitlin Lawrence,4048113435731259,08/2025,166
American Express,Steven Perkins,344761023322763,01/2025,4767
JCB,Lisa Martin,213167948336227,11/2025,068
Mastercard,Matthew Rodriguez,2268569308508065,05/2025,947
VISA,Sharon Aguirre,4536138080577128,10/2025,547
VISA,Kathryn Sanchez,4938030306892215189,04/2025,951
American Express,Michelle Baxter,370295120756463,10/2025,2852
Mastercard,Erica Wilson,2702799769877162,07/2025,573
Diners Club / Carte Blanche,Melissa Diaz,30187407880342,07/2025,194
Maestro,Natalie Diaz,502035173322,12/2025,055
VISA,Anthony Thomas,4079479563615529,11/2025,386
Maestro,Michael Smith,060486563079,07/2025,580
Maestro,Jenny Adams,060410352888,07/2025,852
Maestro,Rachel Valencia,675984425842,12/2025,232
VISA,Heather Pennington,4552775439598871472,12/2025,766
VISA,Hailey Higgins,4210231202327,03/2025,155
VISA,Ernest Nichols,4945011039569489062,10/2025,651
JCB,Joshua Rasmussen,180081056233861,05/2025,903
Maestro,David Clark,676101204417,03/2025,384
Maestro,Isaiah Jones,503872827988,08/2025,445
VISA,Chelsea Strong,4580367780639,01/2025,110
Maestro,Richard Christensen,639090429817,06/2025,981
Diners Club / Carte Blanche,Ariana Smith,38306452620906,03/2025,384
Discover,Alex Harris,6536594218040725,12/2025,548
Maestro,Leroy Anderson,676351760423,07/2025,074
Diners Club / Carte Blanche,Pamela Snyder,38948694506417,03/2025,311
VISA,Brandy Martinez,4853938313556,02/2025,523
Mastercard,Scott Brooks,5195353480950572,01/2025,307
VISA,Ricky Lopez,4273664208176995,05/2025,388
JCB,Kevin Estrada,213105507161891,11/2025,055
JCB,Derek Cooke,3538192883053522,08/2025,696
Maestro,Dean Brown,571086564499,08/2025,844
JCB,Janice Ayers,213144494959082,11/2025,393
VISA,Alicia Thomas,4719027728024590610,10/2025,506
Diners Club / Carte Blanche,Debbie Hernandez,30566664538992,07/2025,328
Discover,Cynthia Kennedy,6011023579759263,05/2025,967
JCB,Jose Jennings,3524278060658401,06/2025,108
VISA,Kathleen Rush,4494658829172691,01/2025,909
American Express,Michael Wilson,377843868090828,04/2025,8959
JCB,Thomas Arias,3562539435145314,11/2025,265
Diners Club / Carte Blanche,Alexander Underwood,30085501870740,08/2025,614
American Express,Peter Adams,378511047889878,07/2025,6386
VISA,Angela Kane,4768874460233713,01/2025,897
JCB,Grant Parrish,3511888848353862,03/2025,786
Diners Club / Carte Blanche,Richard Fisher,30262159977644,04/2025,908
VISA,Christian Bates,4566426751900361,10/2025,902
JCB,Laura Peters,3568095947331821,04/2025,907
VISA,Gregory Mathis,4549893342280953,06/2025,396
VISA,Tammy Bridges,4278695523872342299,07/2025,362
VISA,Amy Mckinney,4473451324884910,05/2025,597
VISA,Lisa Brown,4216533256246689,10/2025,733
Maestro,Nancy Graves,501805942981,01/2025,422
VISA,Sue Levine,4210069452070594967,04/2025,494
JCB,Suzanne Barton,3533900461466097,03/2025,897
Discover,Sherry Mcdonald,6527118340538538,09/2025,637
American Express,Stephen Cruz,344524480186422,05/2025,4133
JCB,Jason Kennedy,3537134905688985,05/2025,314
JCB,Teresa Mendez,3598184015040839,01/2025,949
American Express,Zachary Decker,347206007494086,07/2025,3610
American Express,Jeffery Paul,370953104353786,05/2025,1990
American Express,Andrew Bennett,372436465983126,01/2025,5011
Diners Club / Carte Blanche,Devin Scott,30201436091084,05/2025,715
Maestro,Scott Williams,579648939356,03/2025,103
VISA,John Martinez,4267153203142713,08/2025,255
Discover,Gary Manning,6011995499209224,01/2025,701
Diners Club / Carte Blanche,Jason Hoffman,38730324838000,06/2025,008
Maestro,Gregory Brooks,675939683909,12/2025,466
VISA,Scott Silva,4991326447404052520,10/2025,839
VISA,Morgan Carlson,4562950140446747494,06/2025,689
VISA,Tina Williams,4519273552612250,04/2025,219
JCB,Travis Griffin,213150111345159,07/2025,714
Discover,Benjamin Robertson,6011504295001932,12/2025,782
Maestro,Brittany Nichols,639083028170,05/2025,089
VISA,Margaret Brown,4550759124143640242,10/2025,951
JCB,Brandy Mcmahon,3585657854441445,12/2025,469
VISA,Charlotte Vargas,4321193707073042,04/2025,495
JCB,Edwin Taylor,3562430594418074,06/2025,675
Discover,Bruce Kent,6011747723504171,01/2025,170
JCB,Timothy Howard,3599862558066969,04/2025,110
JCB,Amber Duncan,3528742435244979,12/2025,785
JCB,Hannah Davila,213126019335963,01/2025,173
Discover,Shannon Wilson,6593060444188704,05/2025,523
VISA,Robert Robinson,4815174387272578,03/2025,690
Maestro,Leah Rose,639059028741,12/2025,603
JCB,Brandon Sexton,213152976211807,03/2025,253
Discover,Betty Arellano,6011365813644664,08/2025,373
Mastercard,Lauren Harding,5273499479160080,08/2025,660
VISA,Donna Wright,4147025095863307,01/2025,655
Maestro,Michael Martin,639081513777,03/2025,531
Diners Club / Carte Blanche,Sarah Pratt,36351342820706,07/2025,896
Mastercard,Juan Smith,2224439020112039,04/2025,447
Maestro,Laurie Silva,639048060953,01/2025,672
VISA,Kevin Carrillo,4443318082237288298,09/2025,638
VISA,Brett Santos,4507449467485115,06/2025,434
JCB,Kaitlyn Cooper,3590108412730286,02/2025,294
American Express,Daisy Wood,345768499653554,09/2025,8514
Discover,Stacy Hawkins,6517849011238493,12/2025,460
VISA,George Frost,4052889683653070,02/2025,340
Diners Club / Carte Blanche,Lori Price,30270238739638,06/2025,643
Maestro,Kelly Contreras,630408506180,05/2025,972
Diners Club / Carte Blanche,Cynthia Chavez,38823710906935,07/2025,507
VISA,John Welch,4541848150594292813,11/2025,847
JCB,Michelle Neal,3527142063454746,03/2025,525
JCB,Natasha West,180030915250764,11/2025,186
American Express,John Hernandez,371587874037598,12/2025,8364
Mastercard,Eric Mason,2524476400983529,09/2025,711
VISA,James Brown,4720931282763660,06/2025,262
Mastercard,Veronica Wilson,2270023865756689,01/2025,720
VISA,Richard Garcia,4068438155908,10/2025,165
JCB,Ricky Black,3531632648803890,12/2025,346
VISA,Andrew Fisher,4329053517901375194,07/2025,144
Mastercard,Audrey Mitchell,5371464248465534,08/2025,250
VISA,John Horn,4452093233062257492,07/2025,863
JCB,Crystal Garcia,3523566188626727,02/2025,716
Diners Club / Carte Blanche,Dean Smith,30548482002112,05/2025,167
VISA,Christopher Abbott,4992629305917,03/2025,005
American Express,Jennifer Lindsey,372781835569976,11/2025,3362
Diners Club / Carte Blanche,Angela Gibson,30414353145722,08/2025,918
VISA,James Gordon,4291854969723,01/2025,450
American Express,Bryan Wu,346500075022170,03/2025,2421
VISA,Daniel Barrera,4802052232961642,01/2025,294
American Express,Tiffany Schneider,377238387843148,02/2025,3915
Maestro,Victor Miller,676160116775,02/2025,887
JCB,Felicia Harris,3535095580053302,10/2025,814
JCB,Ronnie Scott,180040955546740,03/2025,307
American Express,Katherine Dawson,346082543984760,06/2025,3755
JCB,Michelle Ellis,3588154356537703,02/2025,312
VISA,Joseph Ramos,4865860378967072,03/2025,005
Mastercard,Tiffany Hall,2720917150370278,02/2025,854
American Express,Andrew Charles,348399931398462,05/2025,3432
JCB,Brittany Mason,3508869637274175,05/2025,394
JCB,Stephanie Jackson,3501412933262474,04/2025,167
VISA,Faith Patel,4821615042338107,04/2025,599
Diners Club / Carte Blanche,Maurice Thomas,30199780119263,06/2025,988
VISA,Amanda Turner,4313654653096537962,02/2025,627
JCB,Jason Lynn,3528075954344361,02/2025,238
American Express,Christie Glover,377914369133498,04/2025,5340
JCB,Angie Hansen,180084499139315,09/2025,938
VISA,Anthony Ramirez,4518608425228837821,05/2025,922
VISA,Seth Mason,4378151625036907,03/2025,635
VISA,Maria Peterson,4918292504767,01/2025,596
Diners Club / Carte Blanche,Shawn Solis,30476712532973,01/2025,247
JCB,Michael Andrade,3532376249471868,03/2025,556
VISA,Miranda Hernandez,4649657354582898,07/2025,728
VISA,Shannon Richardson,4096058120801260275,03/2025,479
VISA,Eric Barrera,4337869414574487,11/2025,154
VISA,Matthew Powell,4960101424436174305,11/2025,964
Discover,Heather Hall,6011766319320891,07/2025,794
Diners Club / Carte Blanche,Anita Oconnell,30170806009028,05/2025,685
JCB,Gary Diaz,180006565645297,01/2025,994
Mastercard,Evelyn Richardson,2459371367177067,05/2025,479
VISA,Kari Russell,4087950983042403,07/2025,246
VISA,David Gibson,4687837298175231629,11/2025,917
American Express,Katie Cole,376771548576059,03/2025,1478
American Express,Tammy Gonzalez,373605419998310,01/2025,0719
VISA,George Smith,4682709560172,04/2025,129
Maestro,Tyler Page,580708688636,01/2025,532
VISA,Julie Stokes,4988726338524299,09/2025,918
JCB,Alexandria Jackson,3513828729665875,05/2025,484
VISA,Caitlin Tran,4072794043419,07/2025,420
JCB,Susan Ball,180084862806342,05/2025,191
VISA,Haley Vaughan,4043256053634,04/2025,395
JCB,Joyce Jensen,3543017983748882,08/2025,198
Diners Club / Carte Blanche,James Cain,30436628985855,08/2025,305
JCB,Charles Graves,3507159360559377,02/2025,150
Diners Club / Carte Blanche,Kevin Benitez,30143578474316,04/2025,118
JCB,Tracey Gill,3565846066804524,04/2025,341
JCB,Nicole Morris,213165705008328,12/2025,247
JCB,Kelly Hudson,3578151629269173,10/2025,154
JCB,Christian Chambers,3500548226684105,07/2025,946
VISA,Trevor Marquez,4787636410562849,09/2025,150
VISA,Frederick Gaines,4153186621047613320,09/2025,918
VISA,Michael Levine,4815764263809,02/2025,006
VISA,Wendy Cannon,4552534445825013,03/2025,963
VISA,Craig Jones,4512971329101997,02/2025,976
American Express,Chad Miller,347010262321350,12/2025,4996
VISA,Travis Walker,4614238205076991,08/2025,037
JCB,Amber Contreras,180099418790006,11/2025,430
American Express,John Jones,347751537425068,11/2025,2427
JCB,Maria Davis,213135317633300,06/2025,034
JCB,Mark Moore,213112108673365,06/2025,645
American Express,Elizabeth Williams,370981629813463,05/2025,0121
JCB,Michael West,3519736584196213,10/2025,080
JCB,Erica Moreno,3583538066268515,06/2025,542
Maestro,Nicole Drake,502062060699,04/2025,646
JCB,Barbara Andrews,3525424200099325,10/2025,743
VISA,Kim Porter,4589737414535250,10/2025,225
JCB,Barry Schmidt,3591032980319109,02/2025,759
Maestro,Elizabeth Jones,586207592757,02/2025,956
JCB,Steven Sullivan,3527408661501554,07/2025,550
American Express,Caleb Bell,375377429657678,02/2025,8252
JCB,Karen Diaz,213184050296065,08/2025,531
American Express,Patricia Wells,372364076988138,10/2025,6162
VISA,Traci Rose,4395096433430944502,10/2025,790
Discover,Jonathan Howard,6553582221342244,10/2025,355
VISA,Darryl Gardner,4062192433884451,09/2025,281
JCB,Jeffrey Simmons,3582954055584641,03/2025,589
VISA,Caleb Collins,4703389447595,01/2025,797
JCB,Steven Carroll,180013442338047,01/2025,626
VISA,Leah Cox,4985107504989868,07/2025,509
VISA,Jacob Roach,4363591852305938,04/2025,264
JCB,Brianna Wood,213186488009473,09/2025,282
VISA,Marissa Smith,4074886964437,07/2025,044
American Express,Tracy Barron,348547761485474,12/2025,8767
JCB,Patrick Smith,213155415090484,08/2025,956
Diners Club / Carte Blanche,Jacob Valenzuela,30070323033503,10/2025,618
American Express,Wendy Butler,375381777389173,06/2025,4519
JCB,Donald Delacruz,180041130471333,03/2025,134
VISA,Natasha Delacruz,4204733528628,06/2025,237
JCB,Jodi Cannon,3581984800326395,01/2025,322
JCB,Jessica Garcia,3529228330160543,02/2025,773
VISA,Nicole Pearson,4254170000393802700,08/2025,349
Maestro,Eric Wood,567424974101,05/2025,888
Diners Club / Carte Blanche,Frank Nguyen,30122701726537,05/2025,022
Diners Club / Carte Blanche,Austin Cummings,30484449903277,04/2025,056
VISA,Andrea Williams,4166824557155582,10/2025,263
Diners Club / Carte Blanche,Devin Hammond,36739376124211,01/2025,916
American Express,Jonathan Washington,344148216670754,02/2025,1409
VISA,Anne Owen,4782239021361274,12/2025,071
JCB,Christine Rocha,213102969524690,10/2025,837
Discover,Makayla Gonzalez,6502356262331842,11/2025,788
Diners Club / Carte Blanche,Ashley Williams,30055889148837,01/2025,941
Mastercard,Donald Taylor,2437606599516617,06/2025,405
American Express,Jessica Terry,375618551266840,07/2025,4259
Maestro,Angela Carr,676323491370,11/2025,010
American Express,Lisa Nunez,340812077875174,05/2025,9517
VISA,Julie Anderson,4021796916460,04/2025,311
VISA,Kathryn Pierce,4710092787789270,02/2025,018
American Express,Donna Thompson,346712022546454,05/2025,6392
Mastercard,Scott Weaver,2293646352087706,05/2025,911
Diners Club / Carte Blanche,Kathleen Cameron,30238152654935,01/2025,487
Mastercard,Seth Taylor,2683172041374577,07/2025,273
VISA,Edgar Espinoza,4681585699571344386,12/2025,199
Maestro,Kaitlin Dunlap,676235908883,12/2025,392
JCB,Shannon May,213183006597683,12/2025,933
JCB,Joseph Sparks,3522226877893036,08/2025,144
Discover,Jennifer Suarez,6011308966477995,02/2025,174
Discover,Patrick Ramirez,6572809658218515,06/2025,498
JCB,Wendy Wilson,3591796901008286,07/2025,732
American Express,Mary Ashley,340034908864133,06/2025,8748
Diners Club / Carte Blanche,Wanda Jacobson,30053497484983,10/2025,693
VISA,Ashley Reed,4264544429248404,09/2025,466
VISA,Jesse Spears,4097468700671,12/2025,278
VISA,Jennifer Brown,4695996706514,11/2025,415
Mastercard,Lisa Roberts,2264002465036955,11/2025,218
American Express,Andrew May,379737081532228,03/2025,4564
Discover,Michael Pruitt,6011868422473581,09/2025,449
JCB,Rachel Sanchez,213181241029686,07/2025,532
JCB,Corey Montgomery,3578058659497766,01/2025,066
VISA,Matthew Stephenson,4965077284623322,01/2025,471
Mastercard,Cody Decker,2326815812868499,12/2025,981
VISA,Carl Villanueva,4764009434025697,10/2025,856
JCB,Sarah Simmons,213147693654990,10/2025,800
VISA,Audrey Osborne,4350263393240244992,06/2025,061
VISA,Megan Warren,4481548586625634709,06/2025,652
Maestro,Julian Morris,584918732549,04/2025,306
Maestro,Mark Bailey,676174697141,01/2025,815
Discover,Aaron Bell,6011900773920264,03/2025,615
Diners Club / Carte Blanche,Mark Barker,38659973921199,05/2025,572
American Express,Jessica Fowler,343953794657409,09/2025,9068
JCB,Donna Tate,3528743814312262,02/2025,680
Diners Club / Carte Blanche,Maria Delacruz,30088061080171,04/2025,699
JCB,Jerry Wolfe,3560825146246281,06/2025,065
Diners Club / Carte Blanche,Joseph Shaw,30000082710421,08/2025,536
VISA,Michael Massey,4021402091435,08/2025,998
Diners Club / Carte Blanche,Jason Hickman,30509712977010,07/2025,622
American Express,Jessica Jenkins,373687471137938,08/2025,7453
Mastercard,Olivia Manning,5542234614216975,02/2025,387
JCB,Rodney Mueller,3539379713814699,11/2025,160
JCB,Joseph Meyers,3540266868544451,04/2025,851
JCB,Larry Williams,213158284414074,07/2025,931
Maestro,Amanda Larson,676219917108,03/2025,234
JCB,Francisco Lane,3561182710605198,01/2025,505
JCB,Connie Higgins,3577246831557000,11/2025,927
VISA,David Harris,4620674523185423,01/2025,949
Maestro,Michael Hunter,675923048796,10/2025,670
VISA,Melanie Wise,4220256853581636258,12/2025,096
JCB,Carol Flores,213185980168829,05/2025,805
Diners Club / Carte Blanche,Patricia Green,30423299374213,01/2025,705
VISA,Jennifer Sparks,4411458199137399061,10/2025,266
JCB,Melissa Wilson,180035354423343,09/2025,038
VISA,Katie Villegas,4080022065430505,10/2025,980
JCB,Michael Medina,3578124211588391,11/2025,055
VISA,Abigail Edwards,4054642960606,01/2025,656
VISA,Gabriel Thomas,4101538115728,04/2025,463
Diners Club / Carte Blanche,Tammy Novak,38604705199664,06/2025,681
VISA,Laura Edwards,4669358504957824631,06/2025,790
Maestro,Sara Boyd,562797288981,11/2025,217
American Express,James Strickland,341252501562354,04/2025,0475
VISA,Thomas Hickman,4317056368321,12/2025,215
Maestro,Amanda Hernandez,676103478159,07/2025,292
Diners Club / Carte Blanche,Alex Johnson,30119340073875,06/2025,606
Diners Club / Carte Blanche,Mark Dean,30409606176920,04/2025,862
American Express,Michael Stark,341852596860322,10/2025,8004
VISA,William Montoya,4947686688699891744,03/2025,743
Discover,Kenneth Butler,6546560734132856,04/2025,981
JCB,George Kim,3564838824613207,08/2025,164
JCB,Barbara White,3503902620526403,08/2025,063
VISA,Kyle Bridges,4471039643281959,03/2025,213
VISA,Jennifer Davis,4005681485488959762,08/2025,160
American Express,Elizabeth Blair,347713376277133,05/2025,3850
Maestro,David Stanley,502036015118,04/2025,517
JCB,Larry Campbell,3531857772953373,07/2025,642
JCB,Thomas Allen,180074989718819,08/2025,773
Mastercard,Amy Johnston,5425341404472007,04/2025,050
JCB,Michelle Hunt,180001328610571,04/2025,364
VISA,Michael Bartlett,4781496372730710,08/2025,515
Discover,Gloria Barnett,6551713843880137,02/2025,238
VISA,Brooke Wood,4645833935087095,10/2025,957
VISA,Michael Johnson,4641701637739970,07/2025,749
JCB,Martin Moore,3524383636814338,01/2025,226
VISA,Mary Smith,4159056352135538880,04/2025,086
Discover,Pamela Hernandez,6509140671642715,11/2025,805
American Express,Robert Williams,348033061859395,07/2025,8363
JCB,Raymond Moore,3574586350632137,06/2025,958
VISA,Nicole Schwartz,4934454688825233,08/2025,377
VISA,Brooke Cox,4581790585673314885,10/2025,579
VISA,Steven Robinson,4512751888672293,05/2025,139
Mastercard,Patrick Hill,2244977502439327,12/2025,689
VISA,Kathy Rodriguez,4651442253019770,02/2025,179
American Express,Donald Smith,376130568874409,06/2025,5607
VISA,Ashlee Smith,4367410260854,08/2025,985
Diners Club / Carte Blanche,Rachel Richards,30020037881028,02/2025,945
Mastercard,Natasha Richardson,2550569052268822,06/2025,985
VISA,Kelli Butler,4265570736242294761,05/2025,349
VISA,Robert Davis,4527891405755305233,06/2025,673
JCB,Barbara Daniels,180092564718244,10/2025,090
JCB,Molly Lopez,3584758892386286,11/2025,670
VISA,James Henry,4079615102428452404,12/2025,392
JCB,Douglas Jimenez,3589026533023253,12/2025,006
Diners Club / Carte Blanche,Larry Kelley,30413202618806,11/2025,374
Mastercard,Brandon Nguyen,2298896912965926,08/2025,570
American Express,Kendra Davis,372771364794624,01/2025,3119
VISA,Rebecca Moore,4708316070387383,04/2025,412
VISA,Timothy Lopez,4791504669938,02/2025,804
VISA,Michael Keller,4689557546077614118,12/2025,734
VISA,James Murray,4919729968085809,11/2025,630
Maestro,Keith Perez,570895575001,10/2025,773
VISA,Lawrence Warren,4316256146286579,04/2025,890
JCB,Brandon Murillo,180043843083868,03/2025,345
JCB,Lori White,3571950128580882,09/2025,034
Mastercard,David Leonard,2710121207780876,11/2025,749
VISA,Gary Perry,4146686428605,01/2025,946
JCB,Brian Norris,3531919723117175,04/2025,331
Discover,Michael Kelly,6011886964387506,12/2025,142
Maestro,Melissa Garza,676129934961,06/2025,025
Discover,Stephanie Wells,6011807224645913,09/2025,409
JCB,Kelli Bell,3594555242830924,05/2025,591
Discover,Robert Gutierrez,6011136264643574,08/2025,339
VISA,Michael Lam,4363181418718418,05/2025,852
VISA,Donald Atkinson,4558200116501794650,05/2025,260
Diners Club / Carte Blanche,Kyle Oneill,30437880390412,03/2025,987
Mastercard,Catherine Knapp,2275244140647205,07/2025,402
Diners Club / Carte Blanche,Crystal Floyd,30559238896376,10/2025,107
VISA,Karen Wolfe,4654874627800834411,04/2025,627
JCB,Mary Rodriguez,3502584499034627,02/2025,259
Diners Club / Carte Blanche,Shelly Lin,30578128284246,09/2025,509
VISA,Michael Francis,4942491710090,11/2025,090
VISA,Deanna Livingston,4032069292018,11/2025,853
Diners Club / Carte Blanche,Matthew Kim,30301937876288,08/2025,313
JCB,Jill Sanders,213135474547004,08/2025,750
Discover,Christopher Reyes,6011139803964733,07/2025,012
American Express,Shannon Robinson,343332368218056,03/2025,8112
VISA,Gerald Reid,4206936156455288,02/2025,532
Maestro,Brittney Vega,676107979467,01/2025,987
Diners Club / Carte Blanche,Jacob Price,30069611528224,08/2025,112
JCB,James Hardy,3575375276962300,09/2025,168
VISA,John Vega,4406036114622,05/2025,546
VISA,Robert Bryant,4930594900388439,02/2025,850
JCB,Frank Levy,3520837795756238,01/2025,309
Maestro,Kyle Christian,630436552321,07/2025,259
American Express,Sonya Bowers,376491386555095,04/2025,1823
Discover,Dwayne Barry,6011716141652854,10/2025,154
VISA,Stephen Acosta,4770936322127643,07/2025,061
JCB,Brett Singh,213152821341940,03/2025,044
VISA,Joel Austin,4113200999328279045,02/2025,308
VISA,Jamie Werner,4114451756291791578,07/2025,196
JCB,Jessica Short,3557651388984628,03/2025,336
VISA,Austin Harrington,4400098602080535,05/2025,231
VISA,Maria Parker,4186133093636709,09/2025,026
JCB,Alex Hunt,3589509537188073,12/2025,504
JCB,Tonya May,3533058847983234,12/2025,177
JCB,Gina James,3520797463789426,09/2025,438
JCB,Jennifer Rocha,213153464660356,10/2025,236
VISA,Erin Morris,4749708932785905644,11/2025,538
Discover,Ann Johnson,6011801612908405,08/2025,972
Mastercard,Christopher Francis,2249754591848832,05/2025,920
JCB,Zachary Hammond,180082270018120,01/2025,656
American Express,Nichole Mcpherson,375500927652616,02/2025,3363
American Express,Shari Bush,342789360807510,10/2025,6704
JCB,Brenda Leonard,3526654276165696,06/2025,032
JCB,Philip Jones,213177966031071,03/2025,397
JCB,Casey Wilkinson,213179827249496,05/2025,745
American Express,Rebecca Morse,343469794264963,09/2025,1579
American Express,Valerie Brown,371582380676948,12/2025,6898
Maestro,Kim Davis,060463072003,11/2025,598
JCB,Alicia Ramirez,3588132449987994,11/2025,328
VISA,Marie Solomon,4968982248494420,09/2025,045
American Express,Melissa Campbell,370474357935666,05/2025,4294
VISA,Karen Pollard,4871197720326938103,01/2025,626
JCB,Haley Brooks,213166547931321,03/2025,385
JCB,David Todd,3521368816985936,04/2025,639
Maestro,Michael Johnson,501860684874,06/2025,864
Discover,Amber Oliver,6503375923913649,10/2025,673
VISA,Dennis Brooks,4010402453984405969,08/2025,778
VISA,Bruce Simmons,4185548211182894250,04/2025,459
JCB,Gary Jackson,3553375936476580,11/2025,170
Diners Club / Carte Blanche,Matthew Caldwell,30188887020524,10/2025,686
JCB,Anna George,3574109639865400,06/2025,235
Discover,Jasmine Ramos,6011075083294385,09/2025,559
VISA,Connie Flores,4521692481468383,01/2025,257
VISA,Brittany Taylor,4505892100998519,06/2025,188
Diners Club / Carte Blanche,Austin Greene,30125590561055,12/2025,617
VISA,Robin Nelson,4790176418973654258,09/2025,938
Mastercard,Michael Taylor,2704584978394672,12/2025,670
JCB,Andrea Villa,3515090767460887,12/2025,381
VISA,Corey Bradshaw,4109541869733491202,12/2025,538
American Express,Brenda Roberts,343839181816775,12/2025,5161
VISA,Zachary Mccarthy,4922407605788524,01/2025,650
JCB,Christopher Robinson,3597643206017121,10/2025,004
VISA,Kimberly Holt,4692972537983053,02/2025,578
VISA,Gabriella Wu,4710050813347232295,09/2025,798
Mastercard,Samuel Ward,2282206033832211,02/2025,203
VISA,Gregory Blair,4389027409352909,10/2025,197
Diners Club / Carte Blanche,Jessica Pena,30260143089492,11/2025,323
Discover,Craig Vazquez,6519674143794330,06/2025,647
VISA,Holly Francis,4864622045518931,06/2025,572
JCB,Franklin Melton,180070405793998,04/2025,803
VISA,Shannon Brown,4840666090407267,07/2025,516
Maestro,Cynthia Oconnell,501862146187,05/2025,836
American Express,Matthew Rose,343136626758385,01/2025,4452
American Express,Mary Perez,341193746159350,06/2025,4914
VISA,Jeffery Montgomery,4574525916441,03/2025,471
Mastercard,Mary Wagner,5539414785960925,06/2025,771
JCB,Joshua Williams,3545754694031475,11/2025,714
VISA,Johnny Pratt,4992508278404271531,04/2025,590
VISA,Christopher Logan,4421108522858243122,09/2025,491
VISA,Erica Perez,4822422020899377,08/2025,997
VISA,Amy Rose,4205867383099261607,11/2025,155
JCB,Rhonda Rhodes,3578086397061511,05/2025,565
JCB,Kathleen Johnson,3550287519788682,12/2025,908
Discover,Katherine Guerra,6011967858145901,05/2025,209
Diners Club / Carte Blanche,Victoria Pratt,38040429289285,11/2025,049
VISA,Katelyn Walsh,4764520614998,03/2025,762
JCB,Richard Sheppard,3516320532602904,05/2025,996
VISA,Curtis Sanchez,4655772436144699088,06/2025,656
VISA,Jessica Carlson,4322206188907303,06/2025,105
JCB,Matthew Campos,180065007800886,01/2025,782
American Express,Alexis Smith,374702338087496,08/2025,9542
Discover,Jacob Chambers,6575660548461022,02/2025,985
VISA,Anita Church,4185143802026425720,01/2025,310
VISA,Amy Russell,4335008345593,01/2025,166
VISA,Robert Martinez,4561387506794324,06/2025,711
Diners Club / Carte Blanche,Michelle Moore,30547383791062,02/2025,264
VISA,Shelby Richards,4482401854535894,06/2025,286
VISA,Ruben Brown,4220228373984510,06/2025,627
VISA,Mark Hawkins,4526936382706457,09/2025,292
Discover,Heather Rivers,6011521309420833,03/2025,795
American Express,Matthew Garcia,344557185602780,03/2025,8045
JCB,Brett Martin,213100587466377,07/2025,668
Discover,Jeffrey Johnson,6530452761044873,11/2025,197
Discover,Elizabeth Wheeler,6583922735695709,03/2025,254
Mastercard,Shaun Watson,2384173363978450,06/2025,659
VISA,Sandra Mcintyre,4064978587581895,07/2025,985
JCB,Jerry Adams,3573347094011984,05/2025,589
American Express,Whitney Crawford,344962746906078,06/2025,5793
Maestro,Amy Jones,676303112061,11/2025,307
Maestro,Brendan Huff,675902045045,06/2025,663
JCB,Susan Clark,3547862915993445,02/2025,864
VISA,Lee Mendoza,4972430027802714450,01/2025,943
Discover,Tony Ross,6525641535524809,03/2025,940
VISA,Frederick Moore,4250928564654,09/2025,938
JCB,Michelle Jones,3561887060451403,11/2025,311
Mastercard,Daniel Barber,2265608763401730,07/2025,487
VISA,Tara Clark,4908545723772538,09/2025,577
VISA,Terri Austin,4213267729012732,07/2025,397
Maestro,Kayla Chang,639037177966,03/2025,382
JCB,Jeremy Lawrence,3591681096338799,08/2025,284
VISA,John Pierce,4690762207750698,11/2025,402
Discover,Sharon Rice,6011867357027420,02/2025,476
Discover,Caroline Morgan,6011643800579311,12/2025,417
JCB,Danielle Wiggins,213185877080970,06/2025,664
Maestro,Yolanda Knox,577945096490,03/2025,769
Maestro,Laura Mendoza,675926077750,06/2025,012
JCB,Christian Pham,213103327778978,06/2025,152
Mastercard,Chad Wiley,5424311831851108,06/2025,354
JCB,James Jones,3519812345148528,03/2025,044
VISA,Brian Robinson,4932088286924832,01/2025,771
VISA,Adam Woods,4901399607360912,04/2025,927
JCB,Michael Downs,3529844162539925,01/2025,626
JCB,Anthony Burch,3530836781535554,06/2025,897
JCB,Lisa Clark,3514602786427936,03/2025,233
Mastercard,Brittany Frazier,5124915599210738,06/2025,876
VISA,Larry Collins,4188041333517365,11/2025,900
VISA,Tammy Reyes,4639143535821374,09/2025,849
JCB,Drew Stevens,3511512472839521,01/2025,182
JCB,Sheena Dyer,213140208552361,06/2025,169
VISA,Alexandra Douglas,4004669809857014686,07/2025,355
VISA,Jacob Young,4326224655974132,05/2025,524
Maestro,Jason Humphrey,571082211079,02/2025,408
Maestro,Rebecca King,503894672297,07/2025,867
Mastercard,Charles Boyd,2452356995612269,11/2025,058
Mastercard,Jon Martinez,2623490174871794,01/2025,557
Discover,Karen Chandler,6011612866873033,01/2025,725
VISA,Benjamin Davis,4022265584100031,03/2025,514
JCB,Jillian Williams,213104451098035,10/2025,447
Maestro,Christian Miller,676220023193,04/2025,447
VISA,Angela Burnett,4024933621381132,02/2025,349
JCB,Gregory Fox,180052786271935,04/2025,428
VISA,Marie Hernandez,4275473169066239,01/2025,170
VISA,Justin Mullen,4692456894216653,09/2025,855
VISA,Lisa Evans,4703341968383182,01/2025,054
American Express,Wendy Gonzales,372489706323768,10/2025,9453
VISA,Vincent Rodriguez,4289344495457760,05/2025,108
Discover,Margaret Martinez,6011057586743217,03/2025,853
Diners Club / Carte Blanche,Ryan Wallace,38707866497924,03/2025,145
VISA,Matthew Mata,4544149125077669,02/2025,539
JCB,Todd Williams,3563180582831536,03/2025,546
JCB,Charlene Davis,3526060255854112,05/2025,767
VISA,Gloria Lane,4172215037994611,05/2025,547
Mastercard,Sarah Martin,2246234613091698,11/2025,571
VISA,Crystal Medina,4372895301504,11/2025,561
Discover,Christopher Cross,6011442187184856,07/2025,718
Mastercard,Lindsay Jacobs,5173237062770852,05/2025,916
JCB,Courtney Maldonado,3552156538957768,02/2025,409
Diners Club / Carte Blanche,Craig Padilla,30036935259471,08/2025,600
Maestro,Linda Hartman,503815735223,01/2025,093
Mastercard,Wendy Smith,2277642606536051,05/2025,574
JCB,Robert Robles,3535758445179915,06/2025,910
VISA,Andre Johnson,4352969746259743878,11/2025,229
VISA,Lisa Patrick,4725915244689019,09/2025,782
VISA,Valerie Glenn,4579556559655,12/2025,484
Discover,Jill Hart,6011820291014723,08/2025,230
American Express,Beth Wilkerson,377772858348443,07/2025,4735
VISA,Caleb Morales,4598961909826,12/2025,096
Mastercard,Kelly Perry,2693014685709668,02/2025,982
VISA,Tyler Perez,4816458471192431,08/2025,135
Maestro,Jason Chavez,561493957378,11/2025,565
JCB,Heather Johnson,3536696629739618,10/2025,082
Discover,Natalie Gardner,6522188167475275,02/2025,503
Diners Club / Carte Blanche,Martha Forbes,30240709790220,03/2025,650
Discover,Erica Johnson,6572760542866375,05/2025,628
JCB,Sheena Miranda,3517285268354252,11/2025,145
American Express,Steven Walker,346200026899699,12/2025,7046
Mastercard,Edgar Skinner,5233360965509975,05/2025,522
VISA,Lawrence Tate,4991595949535654,05/2025,659
JCB,Karen Cochran,213125260550015,10/2025,327
Diners Club / Carte Blanche,Patrick Michael,38019911614531,12/2025,994
JCB,Michelle Walker,3555868841152534,04/2025,541
JCB,Sandra Ponce,3572070878824015,03/2025,397
JCB,Steve Nelson,3591782730887371,10/2025,128
VISA,Amanda Swanson,4151979793827902,01/2025,540
Maestro,Kristin Mcgee,580731623766,06/2025,516
American Express,Joseph Gonzalez,379881110452337,05/2025,7099
Maestro,Autumn Rivera,060462138334,12/2025,264
VISA,Hannah Robinson,4155151765472283,02/2025,656
JCB,Stephen Montoya,3558672006703595,11/2025,709
American Express,Randall West,375582725484137,12/2025,1639
VISA,Maurice Moore,4823600742994,09/2025,625
VISA,Kristen Hubbard,4478727614980251,04/2025,444
JCB,Kayla Harrison,3527758475116795,08/2025,364
JCB,Carl Thompson,213180694242788,04/2025,394
VISA,Phillip Vasquez,4759624593016925320,07/2025,046
Discover,Kimberly Cunningham,6011497207961899,11/2025,645
American Express,Olivia Holt,375135815914248,07/2025,7019
VISA,April Flores,4820105411753030873,06/2025,636
VISA,David Soto,4904555450605805,10/2025,011
VISA,Jon Smith,4563818087749301,03/2025,710
JCB,Amanda Rice,3537931634408068,09/2025,448
JCB,Daniel Jenkins,3569237849855114,12/2025,977
Mastercard,Angela Boyd,2409628053622826,02/2025,689
VISA,Sandra Higgins,4486792067354,10/2025,639
American Express,Matthew Russell,377586659043288,11/2025,2509
VISA,Stephanie Perez,4436862516195187624,04/2025,556
Discover,James Grant,6578124113574609,05/2025,993
Diners Club / Carte Blanche,Larry Young,30081645446463,04/2025,903
Discover,William Mann,6583683663220023,08/2025,858
VISA,John Estrada,4635835578329173,11/2025,882
JCB,John Mcdonald,3552755255057031,05/2025,968
JCB,Tammy Smith,3519493414732102,09/2025,975
VISA,Christopher Rodriguez,4581122494436681319,04/2025,459
JCB,David Mora,3502489859315428,10/2025,143
VISA,Daniel Love,4456080849322871891,12/2025,265
JCB,Robin Walton,3515916548923134,12/2025,380
JCB,Brandy Barnes,213169385731332,01/2025,133
VISA,Michelle Peterson,4628700190352939,06/2025,490
JCB,Patricia Rich,180007121306630,11/2025,897
VISA,Jill Morgan,4911171411395667,12/2025,833
JCB,Destiny Parker,213182376115332,11/2025,594
Mastercard,Debbie Wilkinson,2294277568227636,03/2025,937
Maestro,Morgan Smith,574698633249,08/2025,077
JCB,George Mendoza,3578420516541535,01/2025,581
Diners Club / Carte Blanche,William Carpenter,30171254866034,10/2025,768
JCB,Heather Deleon,3535751025187432,06/2025,440
JCB,Elizabeth Boyle,3506776921661813,04/2025,870
JCB,Jessica Davis,3558184934457021,02/2025,040
Maestro,Hannah Davis,060416581654,03/2025,586
JCB,Diane Miller,213119770500743,06/2025,896
JCB,Eric Walsh,3579760821520412,08/2025,945
JCB,Judy Waters,3541781438066834,12/2025,003
Discover,Russell Davis,6538535161079713,07/2025,497
JCB,Erin Flores,3596561951163802,01/2025,376
Maestro,Steven Hall,676220064841,06/2025,147
VISA,Pamela Perez,4848120314976899,10/2025,092
Discover,Mitchell Hale,6011099296197300,08/2025,087
American Express,Susan Robertson,346779859692289,02/2025,8783
American Express,Dominic Jimenez,370932355792819,04/2025,9790
VISA,Stephanie Reynolds,4338071216759536101,12/2025,411
Diners Club / Carte Blanche,Jason Singleton,36147404676535,12/2025,394
JCB,Edward Johnson,180013655104797,02/2025,001
JCB,Alicia Smith,213112483629883,11/2025,515
Diners Club / Carte Blanche,Robin Ferguson,38415296740430,01/2025,006
VISA,Robert Ryan,4407180610861438,08/2025,626
VISA,Anna Reed,4120694221687020,10/2025,113
Maestro,Sean Gordon,676300556260,05/2025,890
JCB,Sheena Rosario,3534040079947151,02/2025,427
Diners Club / Carte Blanche,Benjamin Henderson,30482213427986,07/2025,596
VISA,Joe Jones,4992973512967530,09/2025,699
JCB,Cory Keith,3524685660240523,01/2025,158
Mastercard,Mark Richardson,2306644851698854,04/2025,112
Maestro,Sarah Walker,584066139844,10/2025,923
JCB,Joseph Fowler,3543938335557715,03/2025,632
Discover,David Jensen,6011381503356899,12/2025,783
VISA,Joshua Reese,4699068807000026,10/2025,023
Mastercard,Kara Murray,5318658058532095,09/2025,441
American Express,Martha Peterson,372743220908979,09/2025,8043
JCB,Jason Williams,3535807388893378,08/2025,549
JCB,Joshua Reyes,213133605629288,10/2025,327
American Express,Douglas Burch,344870963407516,11/2025,8681
Maestro,Julia Rodgers,630413656970,01/2025,432
JCB,Jacob Steele,3547437971230600,08/2025,629
VISA,Catherine Vang,4999170534306036,03/2025,048
Mastercard,Samuel Ward,2715844653649387,05/2025,604
Diners Club / Carte Blanche,Melinda Turner,30292266116745,01/2025,177
VISA,Christopher Martinez,4974267056441570530,11/2025,435
JCB,Deborah Jones,3575655741513154,04/2025,295
JCB,Gabriela Brown,3547186524788230,12/2025,173
JCB,Jonathan Abbott,3572771205510157,07/2025,591
JCB,Eric Salazar,3503604424112121,07/2025,261
Maestro,Alice Medina,503897443175,06/2025,180
VISA,Kent Jefferson,4487724863132418345,09/2025,903
JCB,Antonio Carlson,180010103022472,04/2025,677
JCB,Wendy Morales,3574794707005102,12/2025,677
Discover,Angela Dixon,6590378634198017,07/2025,979
VISA,Tammy Sandoval,4134421912303269,01/2025,616
VISA,Bridget Thomas,4288338983395,10/2025,581
JCB,Barbara Brown,3585283339129057,03/2025,037
VISA,Ashley Lopez,4634728237326462935,02/2025,610
Mastercard,John Osborn,2282173515022911,11/2025,267
VISA,Sonia Durham,4464635463601,03/2025,030
Diners Club / Carte Blanche,Christopher Mathis,36230598841865,10/2025,201
Discover,David Peterson,6011527426424046,03/2025,878
Mastercard,Caleb Watson,2526062602510324,03/2025,217
JCB,Christy Sherman,3577583442917037,05/2025,129
JCB,Richard Mckee,3536280323913025,04/2025,692
VISA,Danielle Fisher,4431188039394873,07/2025,595
JCB,Timothy Thornton,3569176119672272,12/2025,973
